{"cameraMode":{"drawMode":0,"name":"Shaded","section":"Shading Mode"},"sceneLighting":true,"audioPlay":false,"sceneViewState":{"showFog":true,"showMaterialUpdate":true,"showSkybox":false,"showFlares":true,"showImageEffects":true,"showParticleSystems":true},"in2DMode":false,"pivot":{"x":1366.0,"y":1007.1549682617188,"z":-5.960464477539063e-8},"rotation":{"x":0.08539468050003052,"y":-0.0074722361750900749,"z":0.0006423646700568497,"w":0.9963330626487732},"size":1239.8052978515625,"orthographic":true}